City_ID,City,Country,Lat,Lng,Max Temp,Humidity,Cloudiness,Wind Speed,Current Description
0,Mataura,NZ,-46.1927,168.8643,63.0,57,99,5.01,overcast clouds
1,Rikitea,PF,-23.1203,-134.9692,77.58,73,87,8.32,light rain
2,Yerbogachen,RU,61.2767,108.0108,19.78,88,100,7.49,light snow
3,Bengkulu,ID,-3.8004,102.2655,84.96,64,100,10.49,moderate rain
4,Georgetown,MY,5.4112,100.3354,87.8,70,20,2.3,few clouds
5,Jamestown,US,42.097,-79.2353,26.6,74,1,11.5,clear sky
6,Barsovo,RU,61.1667,73.1667,33.8,100,75,11.18,broken clouds
7,Vaini,TO,-21.2,-175.2,82.4,78,75,5.75,broken clouds
8,Magdalena,PH,14.1999,121.429,91.0,54,5,10.0,clear sky
9,Omboue,GA,-1.5746,9.2618,77.2,89,100,3.74,moderate rain
10,Punta Arenas,CL,-53.15,-70.9167,44.6,93,90,12.66,moderate rain
11,Ushuaia,AR,-54.8,-68.3,44.6,87,90,20.71,light intensity drizzle
12,Vardo,NO,70.3705,31.1107,30.67,75,59,7.27,broken clouds
13,Luderitz,NA,-26.6481,15.1594,68.81,47,5,15.19,clear sky
14,Mgandu,TZ,-5.95,34.1333,58.12,99,84,5.03,light rain
15,Sao Filipe,CV,14.8961,-24.4956,72.99,69,87,7.31,overcast clouds
16,Torma,EE,58.8128,26.7383,32.0,100,90,6.91,overcast clouds
17,Garowe,SO,8.4054,48.4845,74.62,61,4,5.61,clear sky
18,Hobyo,SO,5.3505,48.5268,82.85,73,42,7.94,scattered clouds
19,Boyolangu,ID,-8.1181,111.8935,88.45,59,35,1.81,scattered clouds
20,Rosia,RO,45.8167,24.3167,43.0,93,75,3.06,broken clouds
21,Puerto Ayora,EC,-0.7393,-90.3518,77.0,94,57,1.01,broken clouds
22,Ribeira Grande,PT,38.5167,-28.7,60.62,89,100,30.87,overcast clouds
23,Miyako,JP,39.6367,141.9525,61.18,58,84,13.09,broken clouds
24,Camargo,MX,27.6667,-105.1667,68.32,51,79,16.82,broken clouds
25,Kaitangata,NZ,-46.2817,169.8464,57.0,55,100,5.99,overcast clouds
26,Bluff,NZ,-46.6,168.3333,63.0,57,100,5.01,overcast clouds
27,Albany,US,42.6001,-73.9662,30.99,60,21,5.79,few clouds
28,Pangnirtung,CA,66.1451,-65.7125,-17.59,65,0,6.76,clear sky
29,Korla,CN,41.7597,86.1469,52.93,21,100,19.82,overcast clouds
30,Port Elizabeth,ZA,-33.918,25.5701,55.4,88,20,5.75,few clouds
31,Mar Del Plata,AR,-38.0023,-57.5575,66.99,88,0,6.91,clear sky
32,Hengshui,CN,37.7322,115.7011,57.87,36,91,16.44,overcast clouds
33,Recco,IT,44.3623,9.1435,53.01,89,0,1.01,clear sky
34,Roebourne,AU,-20.7833,117.1333,95.68,22,1,10.69,clear sky
35,Busselton,AU,-33.65,115.3333,71.01,70,49,5.01,scattered clouds
36,Butaritari,KI,3.0707,172.7902,82.47,79,23,14.32,few clouds
37,Port Hardy,CA,50.6996,-127.4199,46.4,61,75,9.22,broken clouds
38,Pacific Grove,US,36.6177,-121.9166,52.0,85,6,1.99,clear sky
39,Aljezur,PT,37.3191,-8.8033,54.28,88,36,2.66,scattered clouds
40,Soe,ID,-9.8607,124.284,68.18,96,100,2.01,overcast clouds
41,Thompson,CA,55.7435,-97.8558,37.4,60,1,12.66,clear sky
42,Bredasdorp,ZA,-34.5322,20.0403,46.4,93,99,4.61,overcast clouds
43,Cap Malheureux,MU,-19.9842,57.6142,82.99,75,10,5.99,clear sky
44,Coahuayana,MX,18.7333,-103.6833,73.31,78,18,2.35,few clouds
45,Rundu,NA,-17.9333,19.7667,62.82,60,16,5.95,few clouds
46,Genhe,CN,50.7833,121.5167,33.53,46,2,13.13,clear sky
47,Arlit,NE,18.7369,7.3853,67.15,14,0,4.54,clear sky
48,Kahului,US,20.8947,-156.47,78.8,65,40,13.8,scattered clouds
49,Khatanga,RU,71.9667,102.5,-5.22,80,10,7.18,clear sky
50,Paro,BT,27.4305,89.4133,58.26,25,7,7.65,clear sky
51,Hirara,JP,24.8,125.2833,82.4,83,40,8.05,scattered clouds
52,Carahue,CL,-38.7,-73.1667,46.4,100,0,3.44,clear sky
53,Salalah,OM,17.0151,54.0924,73.4,56,0,4.61,clear sky
54,Lokosovo,RU,61.1333,74.8167,33.4,99,100,10.51,overcast clouds
55,Yellowknife,CA,62.456,-114.3525,5.0,72,90,9.22,light snow
56,Newport,GB,51.5877,-2.9984,41.0,83,4,10.78,clear sky
57,Arawa,PG,-6.2132,155.5367,86.72,66,76,4.32,light rain
58,Hobart,AU,-42.8794,147.3294,87.8,11,0,21.85,clear sky
59,Sitka,US,57.0531,-135.33,33.8,93,90,0.54,light rain
60,Kruisfontein,ZA,-34.0033,24.7314,53.01,95,4,1.01,clear sky
61,Acapulco,MX,16.8634,-99.8901,80.6,89,20,4.61,few clouds
62,Saskylakh,RU,71.9167,114.0833,-14.96,92,84,3.94,broken clouds
63,Port Alfred,ZA,-33.5906,26.891,60.12,83,40,7.07,scattered clouds
64,Kapaa,US,22.0752,-159.319,73.4,78,75,12.66,light rain
65,Shelburne,CA,44.0787,-80.2041,27.0,67,24,6.29,few clouds
66,Utica,US,43.1009,-75.2327,27.0,50,1,4.27,clear sky
67,Krasnogvardeyskiy,RU,57.3793,62.3195,36.46,79,91,8.48,overcast clouds
68,Sinnamary,GF,5.3833,-52.95,77.34,89,100,9.46,overcast clouds
69,Kodiak,US,57.79,-152.4072,41.0,56,75,9.22,broken clouds
70,Codrington,AU,-38.2667,141.9667,89.67,18,0,15.3,clear sky
71,Vila Velha,BR,-20.3297,-40.2925,71.6,94,90,4.61,overcast clouds
72,Hilo,US,19.7297,-155.09,75.2,64,1,9.22,moderate rain
73,Wanning,CN,18.8003,110.3967,85.19,64,12,9.06,few clouds
74,Khani,GE,41.9563,42.9566,46.4,100,90,3.44,overcast clouds
75,Tarko-Sale,RU,64.9225,77.785,29.34,94,99,5.95,overcast clouds
76,Gravdal,NO,68.1214,13.5031,37.47,97,98,21.68,light rain
77,Andenes,NO,69.3143,16.1194,32.0,86,100,11.5,light rain
78,Redlands,US,34.0556,-117.1825,71.6,40,1,6.91,clear sky
79,Pingliang,CN,35.5392,106.6861,39.81,97,100,6.31,overcast clouds
80,Mahebourg,MU,-20.4081,57.7,78.8,89,40,10.36,light rain
81,Hithadhoo,MV,-0.6,73.0833,84.15,74,28,17.38,scattered clouds
82,North Bend,US,43.4065,-124.2243,48.2,87,1,13.8,clear sky
83,Odweyne,SO,9.4092,45.064,68.34,47,7,2.26,clear sky
84,Cape Town,ZA,-33.9258,18.4232,60.01,87,0,3.44,clear sky
85,Namibe,AO,-15.1961,12.1522,76.71,80,66,7.0,broken clouds
86,San Policarpo,PH,12.1791,125.5072,83.64,67,16,7.38,few clouds
87,Jalu,LY,29.0331,21.5482,59.47,34,0,8.34,clear sky
88,Cockburn Town,TC,21.4612,-71.1419,77.34,77,51,9.4,broken clouds
89,Magadan,RU,59.5667,150.8,25.72,54,54,5.88,broken clouds
90,Chuy,UY,-33.6971,-53.4616,61.92,86,5,5.35,clear sky
91,Inta,RU,66.0317,60.1659,23.52,93,92,11.68,overcast clouds
92,Dingle,PH,10.9995,122.6711,86.09,63,81,12.01,broken clouds
93,Palmer,US,42.1584,-72.3287,30.99,64,90,3.24,overcast clouds
94,Clyde River,CA,70.4692,-68.5914,-16.6,69,20,6.91,few clouds
95,Quesnel,CA,52.9999,-122.5029,37.4,60,1,2.51,clear sky
96,Sao Joao Da Barra,BR,-21.6403,-41.0511,71.82,88,1,9.06,clear sky
97,Hermanus,ZA,-34.4187,19.2345,60.01,76,93,1.99,overcast clouds
98,Praya,CV,14.9215,-23.5087,77.0,31,0,21.85,clear sky
99,Muros,ES,42.7762,-9.0603,54.0,91,41,4.0,scattered clouds
100,Ankazoabo,MG,-22.2833,44.5167,68.29,76,0,2.15,clear sky
101,Castro,BR,-24.7911,-50.0119,53.42,96,1,4.32,clear sky
102,Barrow,US,71.2906,-156.7887,-13.0,70,1,4.61,clear sky
103,Upernavik,GL,72.7868,-56.1549,-17.99,99,99,5.86,overcast clouds
104,Marilia,BR,-22.2139,-49.9458,58.46,81,4,4.92,clear sky
105,Rome,US,34.257,-85.1647,39.2,60,1,2.8,clear sky
106,Qaanaaq,GL,77.484,-69.3632,-17.61,90,100,11.63,overcast clouds
107,Lavrentiya,RU,65.5833,-171.0,6.85,82,99,11.45,overcast clouds
108,Sur,OM,22.5667,59.5289,88.66,30,6,3.0,clear sky
109,Majengo,TZ,-5.15,38.9833,74.79,81,69,8.19,broken clouds
110,Laguna,US,38.421,-121.4238,66.2,48,1,6.91,clear sky
111,Tigil,RU,57.8,158.6667,27.72,79,8,14.23,clear sky
112,Spearfish,US,44.4908,-103.8594,57.99,36,1,5.75,clear sky
113,Carberry,CA,49.8689,-99.3602,33.8,55,20,10.36,few clouds
114,Atuona,PF,-9.8,-139.0333,80.65,80,48,15.37,light rain
115,Nhulunbuy,AU,-12.2333,136.7667,86.0,70,75,17.27,broken clouds
116,Barkhan,PK,29.8977,69.5256,77.77,13,2,7.78,clear sky
117,Ranong,TH,9.9658,98.6348,87.8,70,40,6.91,scattered clouds
118,Yar-Sale,RU,66.8333,70.8333,28.72,97,100,7.2,overcast clouds
119,Kargasok,RU,59.0556,80.8572,34.07,94,100,12.46,overcast clouds
120,Makakilo City,US,21.3469,-158.0858,80.6,54,40,17.27,scattered clouds
121,Saint-Philippe,RE,-21.3585,55.7679,77.0,88,75,10.36,light rain
122,Samana,DO,19.2056,-69.3369,71.49,88,0,5.06,clear sky
123,Isangel,VU,-19.55,169.2667,82.4,89,90,5.86,overcast clouds
124,Bethel,US,41.3712,-73.414,32.0,47,49,5.5,scattered clouds
125,Loanda,AO,-8.8368,13.2343,80.6,89,75,4.61,broken clouds
126,Saint George,US,37.1041,-113.5841,75.2,15,1,6.91,clear sky
127,Bambous Virieux,MU,-20.3428,57.7575,82.99,89,40,10.36,light rain
128,Sola,VU,-13.8833,167.55,87.8,74,90,4.61,overcast clouds
129,Pozo Colorado,PY,-23.4923,-58.7972,67.95,59,77,5.32,broken clouds
130,Alofi,NU,-19.0595,-169.9187,84.2,74,92,11.5,overcast clouds
131,Avarua,CK,-21.2078,-159.775,82.4,74,20,9.22,few clouds
132,La Romana,DO,18.4273,-68.9728,69.8,94,20,4.61,few clouds
133,Kieta,PG,-6.2167,155.6333,85.03,69,70,4.29,light rain
134,Paraguacu Paulista,BR,-22.4128,-50.5758,61.57,71,1,7.78,clear sky
135,Kalmunai,LK,7.4167,81.8167,85.01,62,76,2.95,broken clouds
136,Denia,ES,38.8408,0.1057,59.0,73,2,6.4,clear sky
137,Santiago Del Estero,AR,-27.7951,-64.2615,71.28,56,95,6.71,overcast clouds
138,Nanortalik,GL,60.1432,-45.2371,35.56,99,100,2.08,overcast clouds
139,Christchurch,NZ,-43.5333,172.6333,62.6,59,100,17.27,overcast clouds
140,Navahrudak,BY,53.6,25.8333,31.06,94,98,5.14,overcast clouds
141,Olga,RU,43.7444,135.2892,48.47,71,100,6.31,overcast clouds
142,Dikson,RU,73.5069,80.5464,-10.8,81,93,3.22,overcast clouds
143,Sierpc,PL,52.8568,19.6691,36.14,90,100,8.86,overcast clouds
144,Sulangan,PH,11.1373,123.7228,82.71,69,6,9.84,clear sky
145,Daru,PG,-9.0763,143.2092,83.46,80,99,8.46,overcast clouds
146,Boa Vista,BR,2.8197,-60.6733,80.6,65,40,9.22,scattered clouds
147,Carnarvon,AU,-24.8667,113.6333,86.0,70,51,16.11,broken clouds
148,Tazovskiy,RU,67.4667,78.7,13.82,93,100,11.65,overcast clouds
149,Mitsamiouli,KM,-11.3847,43.2844,82.29,75,55,9.71,broken clouds
150,Pevek,RU,69.7008,170.3133,-4.56,87,13,3.53,few clouds
151,Norman Wells,CA,65.282,-126.8329,8.6,56,75,6.91,broken clouds
152,Maracacume,BR,-2.0428,-45.9592,72.39,98,73,1.3,broken clouds
153,Klaksvik,FO,62.2266,-6.589,42.8,93,90,13.8,overcast clouds
154,Lagoa,PT,39.05,-27.9833,60.24,86,100,31.03,overcast clouds
155,Asaba,NG,6.2006,6.7338,77.65,85,90,3.56,overcast clouds
156,Valparaiso,CL,-33.0393,-71.6273,53.6,100,90,2.3,fog
157,San Patricio,US,28.017,-97.5169,62.6,63,1,5.75,clear sky
158,Mahajanga,MG,-15.7167,46.3167,69.8,88,20,3.44,few clouds
159,Magistralnyy,RU,56.1725,107.4458,35.8,72,100,12.15,light snow
160,Le Port,RE,-20.9373,55.2919,77.0,78,75,12.66,broken clouds
161,Sikasso,ML,10.9167,-7.0,76.28,13,13,4.0,few clouds
162,Tecoanapa,MX,16.5167,-98.75,79.56,71,2,2.06,clear sky
163,Tuktoyaktuk,CA,69.4541,-133.0374,-11.2,70,75,4.61,broken clouds
164,Terrace,CA,54.5163,-128.6035,35.6,93,90,9.22,light snow
165,Shirokiy,RU,49.758,129.523,33.69,27,56,25.81,broken clouds
166,Vanimo,PG,-2.6741,141.3028,79.05,87,100,7.2,overcast clouds
167,La Ciotat,FR,43.1748,5.6045,55.99,74,1,5.99,clear sky
168,Santander,ES,43.4647,-3.8044,55.99,92,96,5.99,overcast clouds
169,Souillac,MU,-20.5167,57.5167,78.8,89,40,10.36,light rain
170,Jingdezhen,CN,29.2947,117.2079,64.06,85,99,5.88,overcast clouds
171,Vao,NC,-22.6667,167.4833,74.77,89,100,27.67,light rain
172,Antofagasta,CL,-23.65,-70.4,60.8,88,0,6.91,clear sky
173,Katsuura,JP,35.1333,140.3,69.01,55,75,5.75,broken clouds
174,Kuytun,RU,54.3419,101.5036,34.38,79,100,6.98,overcast clouds
175,Ambilobe,MG,-13.2,49.05,74.71,86,35,2.84,scattered clouds
176,Nokaneng,BW,-19.6667,22.2667,66.78,45,8,5.08,clear sky
177,Cabimas,VE,10.3883,-71.4399,79.75,80,82,9.98,broken clouds
178,Nelson Bay,AU,-32.7167,152.15,77.0,73,75,10.36,broken clouds
179,Longyearbyen,SJ,78.2186,15.6401,17.6,86,75,4.61,light snow
180,Nikolskoye,RU,59.7035,30.7861,33.01,93,90,6.71,fog
181,Klin,RU,56.3333,36.7333,30.2,93,0,2.24,clear sky
182,Ilulissat,GL,69.2167,-51.1,6.8,72,75,9.22,broken clouds
183,Baykit,RU,61.67,96.37,30.07,89,100,3.06,light snow
184,Ucluelet,CA,48.9329,-125.5528,43.0,75,100,2.28,overcast clouds
185,Vestmannaeyjar,IS,63.4427,-20.2734,44.74,91,100,13.44,overcast clouds
186,Vytegra,RU,61.0064,36.4481,29.21,93,100,0.85,overcast clouds
187,Lompoc,US,34.6391,-120.4579,51.8,82,2,6.91,clear sky
188,Ancud,CL,-41.8697,-73.8203,52.0,90,24,3.0,few clouds
189,Lebu,CL,-37.6167,-73.65,53.44,92,17,14.29,few clouds
190,Dukat,RU,62.55,155.55,5.27,74,21,4.63,few clouds
191,Saldanha,ZA,-33.0117,17.9442,55.4,76,99,3.44,overcast clouds
192,Placido De Castro,BR,-10.3353,-67.1856,73.18,98,100,2.71,moderate rain
193,Kirakira,SB,-10.4544,161.9205,86.07,68,70,8.1,broken clouds
194,Piacabucu,BR,-10.4056,-36.4344,78.12,75,1,9.57,clear sky
195,Sharan,RU,54.8167,54.0,32.43,87,20,9.28,few clouds
196,Cidreira,BR,-30.1811,-50.2056,70.05,78,74,13.76,broken clouds
197,Villa Maria,AR,-32.4075,-63.2402,60.01,89,5,1.99,clear sky
198,Tiksi,RU,71.6872,128.8694,-12.17,98,100,8.66,overcast clouds
199,Thinadhoo,MV,0.5333,72.9333,83.28,76,53,16.15,broken clouds
200,Luorong,CN,24.4058,109.6086,79.21,64,19,7.92,few clouds
201,Provideniya,RU,64.3833,-173.3,12.6,90,100,10.76,light snow
202,Flinders,AU,-34.5833,150.8552,82.99,59,0,4.0,clear sky
203,Kontagora,NG,10.3999,5.4695,75.04,13,17,6.35,few clouds
204,Carutapera,BR,-1.195,-46.02,75.72,92,88,4.79,overcast clouds
205,Khorramabad,IR,33.4878,48.3558,50.0,53,20,6.91,few clouds
206,Itaunja,IN,27.0833,80.9167,77.0,31,1,1.5,haze
207,El Campo,US,29.1966,-96.2697,57.0,71,1,4.61,clear sky
208,Erdenet,MN,49.0333,104.0833,41.36,18,0,10.83,clear sky
209,Kamenka,RU,51.3223,42.7678,39.99,81,93,8.75,overcast clouds
210,Otane,NZ,-39.8833,176.6333,64.99,53,52,4.0,broken clouds
211,Batagay,RU,67.6333,134.6333,5.76,89,100,7.25,light snow
212,Coromandel,BR,-18.4733,-47.2003,66.56,72,31,3.53,scattered clouds
213,Tuatapere,NZ,-46.1333,167.6833,63.0,57,100,5.01,overcast clouds
214,Vila Franca Do Campo,PT,37.7167,-25.4333,60.8,94,75,18.41,broken clouds
215,Bilma,NE,18.6853,12.9164,67.66,14,3,6.71,clear sky
216,Amapa,BR,1.0,-52.0,70.14,99,96,1.21,overcast clouds
217,Arraial Do Cabo,BR,-22.9661,-42.0278,74.88,76,2,8.59,clear sky
218,Lola,GN,7.8,-8.5333,73.24,87,85,3.27,overcast clouds
219,Catuday,PH,16.2923,119.8062,84.56,54,1,3.42,clear sky
220,Beruwala,LK,6.4788,79.9828,83.26,76,97,8.57,overcast clouds
221,Guerrero Negro,MX,27.9769,-114.0611,59.65,86,0,13.35,clear sky
222,Artyom,AZ,40.4723,50.333,50.0,81,0,4.61,clear sky
223,Port Hedland,AU,-20.3167,118.5667,98.6,18,15,16.11,few clouds
224,Dunedin,NZ,-45.8742,170.5036,62.01,53,100,1.99,overcast clouds
225,Faya,SA,18.3851,42.4509,59.0,67,0,3.11,clear sky
226,Rocha,UY,-34.4833,-54.3333,58.3,93,0,4.36,clear sky
227,Coihaique,CL,-45.5752,-72.0662,53.6,71,75,3.44,broken clouds
228,Xining,CN,36.6167,101.7667,39.34,59,100,7.74,overcast clouds
229,Saint-Pierre,RE,-21.3393,55.4781,77.0,88,75,10.36,broken clouds
230,Birao,CF,10.2849,22.7882,81.57,13,97,11.1,overcast clouds
231,Rio Gallegos,AR,-51.6226,-69.2181,50.0,87,90,2.3,light rain
232,Fortuna,US,40.5982,-124.1573,48.0,100,1,6.91,clear sky
233,Touros,BR,-5.1989,-35.4608,75.2,94,40,4.61,scattered clouds
234,Bela Palanka,RS,43.2183,22.3111,52.0,100,40,3.44,scattered clouds
235,Salta,AR,-24.7859,-65.4117,62.6,82,75,4.61,broken clouds
236,Cabo San Lucas,MX,22.8909,-109.9124,75.99,39,100,9.91,overcast clouds
237,Zhanaozen,KZ,43.3,52.8,45.54,73,37,13.82,scattered clouds
238,Paducah,US,37.0834,-88.6001,37.99,70,1,5.88,clear sky
239,Esperance,AU,-33.8667,121.9,71.6,60,40,16.11,scattered clouds
240,Bandarbeyla,SO,9.4942,50.8122,78.26,73,31,5.48,scattered clouds
241,Severobaykalsk,RU,55.65,109.3167,31.03,83,100,11.95,light snow
242,Comrat,MD,46.3003,28.6572,38.44,80,16,4.23,few clouds
243,Eston,CA,51.1501,-108.7514,43.0,52,75,11.5,broken clouds
244,Pilar,BR,-9.5972,-35.9567,73.4,94,0,3.44,clear sky
245,Suntar,RU,62.1444,117.6319,7.77,71,24,3.44,few clouds
246,Verkhnedneprovskiy,RU,54.9813,33.3457,30.78,89,66,3.87,broken clouds
247,Burnie,AU,-41.0667,145.9167,71.44,61,16,11.99,few clouds
248,Westport,US,41.1415,-73.3579,34.0,47,90,4.61,overcast clouds
249,Toguchin,RU,55.2353,84.3858,32.94,88,100,19.17,overcast clouds
250,Pionerskiy,RU,54.9508,20.2275,37.4,93,75,8.95,broken clouds
251,Chokurdakh,RU,70.6333,147.9167,-2.4,94,47,0.96,scattered clouds
252,Boueni,YT,-12.9025,45.0761,80.6,83,20,4.61,few clouds
253,Frekhaug,NO,60.5139,5.2435,37.0,78,12,1.99,few clouds
254,Arvika,SE,59.6553,12.5852,32.0,69,90,5.75,overcast clouds
255,Mehran,IR,33.1222,46.1646,44.6,53,20,4.61,few clouds
256,Sobolevo,RU,54.4299,31.8996,32.31,85,31,4.21,scattered clouds
257,Ntchisi,MW,-13.5278,33.9149,54.3,91,21,2.35,few clouds
258,Trairi,BR,-3.2778,-39.2689,75.31,93,10,6.58,clear sky
259,Matane,CA,48.8286,-67.522,24.8,73,38,8.05,scattered clouds
260,Mahibadhoo,MV,3.7833,72.9667,83.26,75,49,13.89,scattered clouds
261,Senanga,ZM,-16.1167,23.2667,64.24,77,4,4.9,clear sky
262,Tasiilaq,GL,65.6145,-37.6368,30.2,80,90,11.5,overcast clouds
263,New Norfolk,AU,-42.7826,147.0587,87.01,14,0,7.0,clear sky
264,Rio Grande,BR,-32.035,-52.0986,67.98,70,39,11.41,scattered clouds
265,Port Augusta,AU,-32.5,137.7667,87.01,26,0,10.36,clear sky
266,Faanui,PF,-16.4833,-151.75,82.36,68,4,2.19,clear sky
267,Nador,MA,35.174,-2.9287,60.8,59,0,9.22,clear sky
268,Altay,CN,47.8667,88.1167,38.25,34,0,0.83,clear sky
269,Upata,VE,8.0086,-62.3989,75.99,82,76,1.01,broken clouds
270,La Libertad,EC,-2.2333,-80.9,74.07,83,92,4.99,overcast clouds
271,Utete,TZ,-7.986,38.758,71.73,96,100,3.44,overcast clouds
272,Riesa,DE,51.3,13.3,39.99,93,90,11.5,overcast clouds
273,Durango,MX,24.8333,-104.8333,61.72,62,100,1.88,overcast clouds
274,Hay River,CA,60.8156,-115.7999,6.8,61,98,3.51,overcast clouds
275,Voyvozh,RU,62.892,54.9635,26.19,91,98,1.83,overcast clouds
276,Roman,RO,46.9167,26.9167,41.0,87,20,1.14,few clouds
277,Ekibastuz,KZ,51.6667,75.3667,30.72,63,58,9.26,broken clouds
278,Hovd,MN,48.0056,91.6419,36.84,21,0,3.24,clear sky
279,Benguela,AO,-12.5763,13.4055,78.67,86,100,0.78,overcast clouds
280,Hambantota,LK,6.1241,81.1185,84.2,84,0,8.05,clear sky
281,Nouakchott,MR,18.0858,-15.9785,77.0,47,96,17.27,overcast clouds
282,Griffith,US,41.5284,-87.4237,42.8,41,1,10.36,clear sky
283,Jamalpur,BD,24.9167,89.9333,87.85,51,0,8.03,clear sky
284,Shingu,JP,33.7333,135.9833,64.4,63,75,12.66,broken clouds
285,Tateyama,JP,34.9833,139.8667,66.2,63,40,12.66,scattered clouds
286,Sao Gabriel Da Cachoeira,BR,-0.1303,-67.0892,72.86,98,96,1.92,overcast clouds
287,Kyrksaeterora,NO,63.2906,9.0891,37.4,87,75,25.32,broken clouds
288,Kudahuvadhoo,MV,2.6708,72.8944,83.12,75,26,14.05,scattered clouds
289,Maceio,BR,-9.6658,-35.7353,73.4,94,0,3.44,clear sky
290,Ilhabela,BR,-23.7781,-45.3581,70.61,83,22,3.6,few clouds
291,Ajdabiya,LY,30.7554,20.2263,59.04,38,0,10.58,clear sky
292,Gympie,AU,-26.1898,152.665,66.99,93,42,5.01,light rain
293,Harper,LR,4.375,-7.7169,78.66,89,98,8.08,overcast clouds
294,East London,ZA,-33.0153,27.9116,61.29,80,39,8.86,scattered clouds
295,Shimoda,JP,34.6667,138.95,66.2,63,40,12.66,scattered clouds
296,Zhigansk,RU,66.7697,123.3711,-2.2,85,100,8.1,overcast clouds
297,Dauphin,CA,51.1494,-100.0502,41.0,65,1,9.22,clear sky
298,Komsomolskiy,UZ,40.4272,71.7189,42.8,45,1,2.3,clear sky
299,Dzerzhinsk,RU,56.2389,43.4631,32.0,100,90,8.95,overcast clouds
300,Neryungri,RU,56.6709,124.6491,14.2,67,100,9.78,overcast clouds
301,Phan Thiet,VN,10.9333,108.1,88.99,58,70,9.86,broken clouds
302,Puerto Del Rosario,ES,28.5004,-13.8627,64.4,72,75,16.11,broken clouds
303,Mecca,SA,21.4267,39.8261,70.21,38,93,10.07,overcast clouds
304,Tezu,IN,27.9167,96.1667,85.69,27,23,3.98,few clouds
305,Yurga,RU,55.7231,84.8861,32.61,91,100,18.99,overcast clouds
306,Lahaina,US,20.8783,-156.6825,78.8,65,40,13.8,scattered clouds
307,Ponta Do Sol,PT,32.6667,-17.1,57.99,62,10,1.99,clear sky
308,Bonao,DO,18.9369,-70.4092,57.0,1,44,2.35,scattered clouds
309,Leshukonskoye,RU,64.8989,45.7622,28.33,90,100,0.78,overcast clouds
310,Nkoteng,CM,4.5167,12.0333,69.73,99,83,2.82,broken clouds
311,Cortez,US,37.3489,-108.5859,51.8,35,1,4.61,clear sky
312,Fort William,GB,56.8165,-5.1121,33.01,94,15,2.71,few clouds
313,Iqaluit,CA,63.7506,-68.5145,-13.0,70,1,4.09,clear sky
314,Dawson Creek,CA,55.7666,-120.2362,35.6,55,20,2.3,few clouds
315,Monrovia,LR,6.3005,-10.7969,77.0,94,75,1.88,light rain
316,Bukachacha,RU,52.9833,116.9167,37.94,39,32,10.38,scattered clouds
317,Karratha,AU,-20.7377,116.8463,95.72,22,10,9.44,clear sky
318,Henties Bay,NA,-22.116,14.2845,62.01,88,3,1.99,clear sky
319,Cherskiy,RU,68.75,161.3,9.27,76,99,7.87,overcast clouds
320,Moose Factory,CA,51.2585,-80.6094,23.0,58,20,4.61,few clouds
321,Akureyri,IS,65.6835,-18.0878,44.6,61,0,26.46,clear sky
322,Maniitsoq,GL,65.4167,-52.9,3.94,89,54,8.57,broken clouds
323,Srednekolymsk,RU,67.45,153.6833,5.02,78,89,4.63,overcast clouds
324,Boyuibe,BO,-20.4167,-63.2833,64.24,87,100,2.37,overcast clouds
325,Luganville,VU,-15.5333,167.1667,84.99,71,99,7.99,overcast clouds
326,Raga,SS,8.4596,25.678,72.82,20,98,2.55,overcast clouds
327,Maracana,BR,-0.7667,-47.45,73.22,95,22,1.68,few clouds
328,Nemuro,JP,43.3236,145.575,48.2,76,75,11.5,broken clouds
329,Presidencia Roque Saenz Pena,AR,-26.7852,-60.4388,66.99,76,0,1.99,clear sky
330,Port Blair,IN,11.6667,92.75,84.43,53,93,4.16,overcast clouds
331,Dicabisagan,PH,17.0818,122.4157,85.24,56,0,5.1,clear sky
332,Linjiang,CN,41.8069,126.9078,40.91,89,100,4.65,light rain
333,Sistranda,NO,63.7256,8.834,37.4,87,75,25.32,broken clouds
334,Bahia Blanca,AR,-38.7196,-62.2724,65.7,61,98,10.69,overcast clouds
335,Ardino,BG,41.5833,25.1333,55.4,67,80,3.44,broken clouds
336,Biloela,AU,-24.4167,150.5,83.08,42,77,17.65,broken clouds
337,Tautira,PF,-17.7333,-149.15,80.6,69,75,4.61,light rain
338,Zig,US,40.127,-92.7663,50.0,56,1,9.22,clear sky
339,Lasa,IT,46.6166,10.7002,45.0,81,0,6.91,clear sky
340,Dire Dawa,ET,9.5931,41.8661,71.15,30,2,1.7,clear sky
341,Kavali,IN,14.9167,79.9833,92.59,37,84,2.84,broken clouds
342,Shakiso,ET,5.75,38.9167,57.65,92,53,3.85,broken clouds
343,Berlevag,NO,70.8578,29.0864,27.73,89,48,12.77,scattered clouds
344,Mubi,NG,10.2676,13.2644,72.18,14,52,2.3,broken clouds
345,Fasa,IR,28.9383,53.6482,53.6,50,0,3.42,clear sky
346,Quatre Cocos,MU,-20.2078,57.7625,82.99,89,40,10.36,scattered clouds
347,Mazagao,BR,-0.115,-51.2894,82.4,100,40,5.75,scattered clouds
348,Kyren,RU,51.6828,102.1408,43.03,31,52,2.1,broken clouds
349,Cayenne,GF,4.9333,-52.3333,75.2,94,75,8.34,moderate rain
350,Rumonge,BI,-3.9736,29.4386,69.96,82,77,4.79,light rain
351,Polunochnoye,RU,60.8697,60.4153,30.43,96,100,3.47,light snow
352,Galveston,US,29.3669,-94.9669,61.0,55,1,10.36,clear sky
353,Beringovskiy,RU,63.05,179.3167,8.78,85,100,12.03,overcast clouds
354,Poum,NC,-20.2333,164.0167,79.27,83,96,7.29,overcast clouds
355,Port Antonio,JM,18.18,-76.4612,78.8,73,75,5.75,broken clouds
356,Hasaki,JP,35.7333,140.8333,70.0,49,75,8.05,broken clouds
357,Carbonear,CA,47.7332,-53.2148,39.99,100,90,9.22,fog
358,Saint-Francois,FR,46.4154,3.9054,39.2,81,0,10.36,clear sky
359,Pokhara,NP,28.2333,83.9833,82.2,7,0,4.27,clear sky
360,Progreso,MX,21.2833,-89.6667,71.6,53,40,9.22,scattered clouds
361,Chatra,IN,24.2167,84.8667,78.8,25,0,3.44,haze
362,Juegang,CN,32.3174,121.1855,59.0,86,100,15.88,overcast clouds
363,Guarapuava,BR,-25.3953,-51.4581,52.29,87,1,3.33,clear sky
364,Kamina,CD,-8.7386,24.9906,62.2,96,77,1.68,broken clouds
365,Bairiki,KI,1.3292,172.9752,86.0,74,20,9.22,few clouds
366,Malakal,SS,9.5334,31.6605,83.73,13,86,9.57,overcast clouds
367,Nabire,ID,-3.3667,135.4833,77.97,91,100,2.1,light rain
368,Victoria,HK,22.2855,114.1577,84.2,65,20,10.36,few clouds
369,Hvolsvollur,IS,63.7533,-20.2243,39.99,98,100,5.99,overcast clouds
370,Puerto Narino,CO,-3.7703,-70.3831,75.2,100,75,2.24,broken clouds
371,Necochea,AR,-38.5473,-58.7368,60.01,93,4,5.99,clear sky
372,Toledo,ES,39.8333,-4.0,50.0,100,0,2.3,clear sky
373,Barao De Melgaco,BR,-16.1944,-55.9675,75.2,94,20,3.44,moderate rain
374,Teguldet,RU,57.3064,88.1667,32.45,97,100,13.09,light snow
375,Vajszlo,HU,45.8596,17.9841,48.99,91,100,3.0,moderate rain
376,Constitucion,CL,-35.3333,-72.4167,56.26,74,0,10.94,clear sky
377,Ejido Hermosillo,MX,32.5121,-114.9238,84.2,17,1,6.91,clear sky
378,Roma,US,43.2128,-75.4557,27.0,50,1,4.65,clear sky
379,Inhambane,MZ,-23.865,35.3833,68.23,86,0,4.25,clear sky
380,Bathsheba,BB,13.2167,-59.5167,77.0,61,40,19.57,scattered clouds
381,Dillon,US,34.4166,-79.3712,35.01,86,1,3.94,clear sky
382,Chicama,PE,-7.8447,-79.1469,71.33,78,97,3.76,overcast clouds
383,Nome,US,64.5011,-165.4064,19.4,73,90,6.91,overcast clouds
384,Concepcion Del Uruguay,AR,-32.4825,-58.2372,64.99,77,35,1.99,scattered clouds
385,Geraldton,AU,-28.7667,114.6,86.0,45,75,5.75,broken clouds
386,Kitui,KE,-1.367,38.0106,65.75,89,55,4.32,broken clouds
387,Rosaryville,US,38.7568,-76.8097,37.99,35,1,5.75,clear sky
388,Priladozhskiy,RU,59.85,31.4833,28.99,97,100,2.89,light snow
389,Manzanillo,CU,20.3433,-77.1167,72.81,83,14,9.95,few clouds
390,Beberibe,BR,-4.1797,-38.1306,82.4,83,75,4.61,broken clouds
391,Kavaratti,IN,10.5669,72.642,83.16,57,100,10.02,overcast clouds
392,Polis,CY,35.0367,32.4264,59.0,77,75,12.66,broken clouds
393,Robertsport,LR,6.7533,-11.3686,79.02,89,95,2.04,overcast clouds
394,Ahipara,NZ,-35.1667,173.1667,67.93,70,8,4.88,clear sky
395,Deyang,CN,31.1302,104.382,61.54,64,96,3.53,overcast clouds
396,Lingyuan,CN,41.24,119.4011,51.01,11,94,20.04,overcast clouds
397,Naze,JP,28.3667,129.4833,73.4,88,75,14.97,broken clouds
398,Cape Coast,GH,5.1053,-1.2466,79.3,88,26,6.49,scattered clouds
399,Severo-Kurilsk,RU,50.6789,156.125,32.52,74,69,6.64,broken clouds
400,Yulara,AU,-25.2406,130.9889,86.0,21,0,9.22,clear sky
401,San Pedro,PH,14.35,121.0167,91.4,46,20,10.36,few clouds
402,Comodoro Rivadavia,AR,-45.8667,-67.5,53.6,94,0,6.78,clear sky
403,Itupiranga,BR,-5.1347,-49.3267,72.43,97,71,1.7,broken clouds
404,Yabelo,ET,4.8833,38.0833,60.35,76,87,3.98,overcast clouds
405,San Nicolas,PH,18.1725,120.5953,86.0,74,20,8.05,few clouds
406,Palanga,LT,55.9175,21.0686,37.4,87,0,5.75,clear sky
407,San Angelo,US,31.4638,-100.437,62.6,42,1,6.91,clear sky
408,Deputatskiy,RU,69.3,139.9,-2.16,95,100,4.85,overcast clouds
409,Hofn,IS,64.2539,-15.2082,43.93,73,0,9.01,clear sky
410,Sarab,IR,38.6066,44.9883,47.5,48,82,1.23,broken clouds
411,Grindavik,IS,63.8424,-22.4338,41.0,100,90,26.46,light intensity drizzle
412,Samarai,PG,-10.6167,150.6667,84.72,70,73,13.89,broken clouds
413,Grand Gaube,MU,-20.0064,57.6608,82.0,75,11,5.99,few clouds
414,Mount Isa,AU,-20.7333,139.5,87.8,25,75,12.66,broken clouds
415,Rosetta,EG,31.4044,30.4164,51.8,82,0,2.3,clear sky
416,Shiyan,CN,32.6475,110.7781,51.3,93,100,3.62,overcast clouds
417,Celestun,MX,20.8667,-90.4,70.68,62,8,13.73,clear sky
418,Barranca,PE,-10.75,-77.7667,68.76,84,16,4.94,few clouds
419,Am Timan,TD,11.0297,20.2827,79.45,18,26,5.55,scattered clouds
420,Airai,TL,-8.9266,125.4092,68.13,82,100,4.45,light rain
421,Katangli,RU,51.7102,143.2326,41.02,89,84,12.64,broken clouds
422,Los Llanos De Aridane,ES,28.6585,-17.9182,64.4,77,90,9.22,overcast clouds
423,The Valley,AI,18.217,-63.0578,78.8,73,20,12.66,few clouds
424,Tura,IN,25.5198,90.2201,89.2,31,0,5.06,clear sky
425,Petropavlovsk-Kamchatskiy,RU,53.0452,158.6483,37.4,44,23,11.18,few clouds
426,Half Moon Bay,US,37.4636,-122.4286,53.01,81,90,8.05,overcast clouds
427,Coro,VE,11.4045,-69.6734,76.86,85,52,15.59,broken clouds
428,Hualmay,PE,-11.0964,-77.6139,68.54,87,33,6.49,scattered clouds
429,Camocim,BR,-2.9022,-40.8411,75.56,91,38,6.13,scattered clouds
430,Irbeyskoye,RU,55.6428,95.4522,36.19,67,100,17.29,overcast clouds
431,Port-Gentil,GA,-0.7193,8.7815,81.3,78,100,7.85,light rain
432,Leh,IN,34.1667,77.5833,26.62,38,44,5.35,scattered clouds
433,Mehamn,NO,71.0357,27.8492,27.46,94,75,12.08,light snow
434,Bonga,ET,7.2833,36.2333,60.66,90,99,2.71,overcast clouds
435,Tual,ID,-5.6667,132.75,80.11,80,100,4.45,overcast clouds
436,Newcastle,AU,-32.9272,151.7765,80.01,73,75,10.36,broken clouds
437,Labuan,MY,5.2767,115.2417,86.0,66,20,4.61,few clouds
438,Grafton,US,42.207,-71.6856,30.0,54,90,5.75,overcast clouds
439,Sitio Novo Do Tocantins,BR,-5.5183,-47.4611,71.64,96,44,1.72,scattered clouds
440,Torbay,CA,47.6666,-52.7314,36.0,100,90,9.22,fog
441,Sume,BR,-7.6717,-36.88,68.68,88,1,8.43,clear sky
442,Plettenberg Bay,ZA,-34.0527,23.3716,55.81,78,20,4.99,few clouds
443,Padang,ID,-0.9492,100.3543,84.2,65,40,5.75,scattered clouds
444,Svetlogorsk,BY,52.6333,29.7333,33.03,75,36,3.67,scattered clouds
445,Filadelfia,US,39.9523,-75.1638,37.0,32,1,11.5,clear sky
446,Olafsvik,IS,64.8945,-23.7142,42.24,86,100,25.34,overcast clouds
447,Helong,CN,42.5397,128.9972,43.88,55,100,6.22,light rain
448,Tsiroanomandidy,MG,-18.7667,46.0333,63.48,85,6,2.57,clear sky
449,Aktash,RU,50.3,87.7333,18.32,53,15,4.05,few clouds
450,Gurupi,BR,-11.7292,-49.0686,73.76,90,100,2.77,overcast clouds
451,Sarai Mir,IN,26.0167,82.9167,77.0,36,0,1.77,haze
452,Sudbury,CA,46.49,-80.99,30.99,37,1,4.61,clear sky
453,Iskateley,RU,67.6803,53.1512,12.96,90,99,5.59,overcast clouds
454,Mount Gambier,AU,-37.8333,140.7667,91.4,13,0,19.57,clear sky
455,Nikel,RU,69.4128,30.222,21.2,93,90,6.91,overcast clouds
456,Palana,RU,59.1167,159.9667,15.66,80,40,9.24,scattered clouds
457,Mazarron,ES,37.5992,-1.3149,60.01,73,0,1.99,clear sky
458,Ust-Tsilma,RU,65.441,52.1498,24.01,94,98,1.23,overcast clouds
459,Caxias,PT,38.7031,-9.2767,57.0,88,75,6.91,broken clouds
460,Osoyoos,CA,49.0331,-119.4524,55.4,30,100,2.51,overcast clouds
461,Sisimiut,GL,66.9395,-53.6735,3.34,83,23,11.99,few clouds
462,Bonavista,CA,48.6499,-53.1147,37.4,93,100,5.75,overcast clouds
463,Pemangkat,ID,1.1667,108.9667,84.97,67,6,8.34,clear sky
464,Caxito,AO,-8.5785,13.6643,80.6,89,75,4.61,broken clouds
465,Acajutla,SV,13.5928,-89.8275,72.0,73,40,5.01,scattered clouds
466,Ubatuba,BR,-23.4339,-45.0711,71.4,83,26,3.53,scattered clouds
467,Rajapalaiyam,IN,9.45,77.5667,89.33,40,19,2.75,few clouds
468,San Cristobal,VE,7.7669,-72.225,78.8,69,75,2.3,broken clouds
469,Saint Andrews,US,34.0454,-81.1293,39.2,60,1,3.44,clear sky
470,Burgeo,CA,47.6167,-57.6152,37.53,86,40,22.08,scattered clouds
471,Yanji,CN,42.9075,129.5078,46.89,35,100,13.27,light rain
472,Savinka,RU,50.0785,47.0994,42.55,79,98,4.36,overcast clouds
473,Ballitoville,ZA,-29.539,31.2144,68.0,73,20,8.05,light rain
474,Mayo,US,38.8876,-76.5119,41.0,36,1,9.22,clear sky
475,Dzaoudzi,YT,-12.7887,45.2699,80.6,83,20,4.61,few clouds
476,Hua Hin,TH,12.5707,99.9588,91.99,66,20,6.91,few clouds
477,Slave Lake,CA,55.2834,-114.769,39.2,38,90,3.44,overcast clouds
478,Mandurah,AU,-32.55,115.7,79.0,66,7,1.01,clear sky
479,Kiama,AU,-34.6833,150.8667,82.99,68,0,11.99,clear sky
480,Price,US,39.5994,-110.8107,51.8,25,1,9.22,clear sky
481,Seoul,KR,37.5683,126.9778,59.0,94,90,8.05,moderate rain
482,Jesus Carranza,MX,17.4333,-95.0333,67.1,96,46,6.98,scattered clouds
483,Gold Coast,AU,-28.0,153.4333,75.99,73,40,17.27,light rain
484,Fairbanks,US,64.8378,-147.7164,16.0,62,90,5.75,light snow
485,Kaeo,NZ,-35.1,173.7833,71.01,74,6,8.99,clear sky
486,Narsaq,GL,60.9167,-46.05,35.6,87,90,2.3,light rain
487,Portland,US,45.5234,-122.6762,57.2,51,75,5.75,broken clouds
488,Icatu,BR,-2.7758,-44.0658,78.8,94,0,2.3,clear sky
489,Wad Rawah,SD,15.1603,33.1397,76.23,14,12,17.27,few clouds
490,Piranhas,BR,-16.4269,-51.8222,70.09,85,26,4.34,scattered clouds
491,Mount Darwin,ZW,-16.7725,31.5838,56.48,83,2,1.86,clear sky
492,Maamba,ZM,-17.3667,27.15,63.34,81,3,1.45,clear sky
493,Bad Aussee,AT,47.61,13.7824,25.0,100,96,8.01,overcast clouds
494,Port Lincoln,AU,-34.7333,135.8667,84.65,29,0,7.2,clear sky
495,Meulaboh,ID,4.1363,96.1285,79.66,78,99,3.8,overcast clouds
496,Sao Desiderio,BR,-12.3633,-44.9733,70.18,93,100,1.57,overcast clouds
497,Richards Bay,ZA,-28.783,32.0377,71.46,78,100,15.99,light rain
498,Chunhuhub,MX,19.55,-88.6833,69.22,61,59,5.57,broken clouds
499,Bujumbura,BI,-3.3822,29.3644,69.01,85,79,3.65,broken clouds
500,Sao Jose Da Coroa Grande,BR,-8.8978,-35.1478,76.93,80,5,4.76,clear sky
501,Lorengau,PG,-2.0226,147.2712,80.2,81,100,1.63,very heavy rain
502,Viedma,AR,-40.8135,-62.9967,66.78,54,88,14.56,overcast clouds
503,Biu,NG,10.6129,12.1946,71.1,13,59,9.86,broken clouds
504,Bereda,ES,43.2686,-7.5406,54.0,100,49,3.44,scattered clouds
505,Pacifica,US,37.6138,-122.4869,52.0,81,90,8.05,overcast clouds
506,Agadez,NE,19.75,10.25,64.89,15,0,8.08,clear sky
507,Krutinka,RU,56.0055,71.5113,30.74,88,88,13.82,overcast clouds
508,Neepawa,CA,50.2289,-99.4664,33.8,55,20,10.36,few clouds
509,Nishihara,JP,26.1842,127.7558,77.0,83,75,5.75,broken clouds
510,Calama,CL,-22.4667,-68.9333,50.0,43,0,4.61,clear sky
511,Kristinehamn,SE,59.3098,14.1081,33.8,69,90,5.75,overcast clouds
512,Hamilton,US,39.1834,-84.5333,37.0,69,1,2.33,clear sky
513,Zyryanka,RU,65.75,150.85,6.49,70,69,3.29,broken clouds
514,Rabaul,PG,-4.1967,152.1721,85.26,62,86,5.64,overcast clouds
515,Gizo,SB,-8.103,156.8419,85.89,66,74,7.36,broken clouds
516,Omsukchan,RU,62.5333,155.8,8.24,70,11,4.59,few clouds
517,Neiafu,TO,-18.65,-173.9833,84.2,70,75,9.22,broken clouds
518,Ostersund,SE,63.1792,14.6357,30.99,86,90,12.66,overcast clouds
519,Hami,CN,42.8,93.45,56.91,11,3,7.78,clear sky
520,Staryy Nadym,RU,65.6118,72.6842,31.78,99,99,7.99,overcast clouds
521,Trinidad,BO,-14.8333,-64.9,68.94,94,100,4.0,overcast clouds
522,Marsa Matruh,EG,31.3525,27.2453,48.2,87,0,5.57,clear sky
523,Langenburg,DE,49.2544,9.8458,37.99,80,75,4.61,broken clouds
524,Tutoia,BR,-2.7619,-42.2744,78.3,87,66,7.2,moderate rain
525,Mocuba,MZ,-16.8392,36.9856,66.61,95,0,2.55,clear sky
526,Thiers,FR,45.8333,3.5,42.8,70,0,8.05,clear sky
527,Leningradskiy,RU,69.3833,178.4167,-11.04,94,80,3.13,broken clouds
528,Sheridan,US,44.8333,-106.9173,48.99,53,1,5.75,clear sky
529,Ocos,GT,14.5094,-92.1933,80.6,74,1,6.06,clear sky
530,Egvekinot,RU,66.3167,-179.1667,-3.87,92,100,17.13,light snow
531,Khislavichi,RU,54.1871,32.1582,32.49,84,21,4.29,few clouds
532,Kuusankoski,FI,60.907,26.6244,33.01,100,90,5.75,overcast clouds
533,Pottsville,US,40.6857,-76.1955,32.0,61,0,6.46,clear sky
534,Sioux Lookout,CA,50.1001,-91.917,42.8,42,90,5.75,overcast clouds
535,Miles City,US,46.4083,-105.8406,62.6,19,1,6.06,clear sky
536,La Ronge,CA,55.1001,-105.2842,33.8,55,13,4.61,few clouds
537,Labuhan,ID,-6.8844,112.2051,86.25,66,63,6.62,broken clouds
538,Kamenskiy,RU,50.8855,45.488,38.26,86,12,6.35,few clouds
539,Dong Xoai,VN,11.5333,106.9167,95.07,43,63,3.33,broken clouds
540,Puerto Madryn,AR,-42.7692,-65.0385,63.55,79,42,11.5,light rain
541,Atbasar,KZ,51.8,68.3333,22.64,83,89,6.46,overcast clouds
542,Coruripe,BR,-10.1256,-36.1756,77.59,76,2,9.89,clear sky
543,Tayoltita,MX,24.0833,-105.9333,67.69,57,27,5.64,scattered clouds
544,Yatou,CN,37.15,122.3833,45.14,94,100,23.64,overcast clouds
545,Cadillac,US,44.2519,-85.4012,33.8,37,1,5.75,clear sky
546,Severodvinsk,RU,64.5635,39.8302,24.8,93,40,4.47,scattered clouds
547,Nouadhibou,MR,20.931,-17.0347,66.2,88,0,16.11,clear sky
548,Telford,GB,52.6766,-2.4493,39.2,81,90,5.75,overcast clouds
549,Baikunthpur,IN,23.25,82.55,92.52,4,0,8.57,clear sky
550,Serebryanyy Bor,RU,56.8,124.8,14.02,68,100,8.97,overcast clouds
551,Buchanan,LR,5.8808,-10.0467,77.0,94,75,1.52,broken clouds
552,Santa Cruz De Tenerife,ES,28.4682,-16.2546,64.0,87,75,13.8,broken clouds
553,Taltal,CL,-25.4,-70.4833,65.37,79,27,3.67,scattered clouds
554,Vega De Alatorre,MX,20.0333,-96.6333,66.09,89,100,10.74,overcast clouds
555,Marshall,US,34.3834,-86.3333,42.8,49,1,3.27,clear sky
556,Pisco,PE,-13.7,-76.2167,68.0,77,0,5.75,clear sky
557,Ravar,IR,31.2656,56.8055,77.25,21,22,5.75,few clouds
558,Thouars,FR,46.976,-0.2151,39.99,6,0,7.0,clear sky
559,Kununurra,AU,-15.7667,128.7333,93.2,40,100,17.27,overcast clouds
560,Mananara,MG,-16.1667,49.7667,74.46,84,93,6.24,overcast clouds
561,Benicarlo,ES,40.4165,0.4271,54.0,80,16,4.0,few clouds
562,Turukhansk,RU,65.8167,87.9833,14.41,91,100,13.11,light snow
563,Kavieng,PG,-2.5744,150.7967,84.38,73,99,7.58,light rain
564,Waddan,LY,29.1614,16.139,62.24,30,0,5.86,clear sky
565,Thenzawl,IN,23.3167,92.75,80.6,65,20,3.44,haze
566,Roald,NO,62.5833,6.1333,39.2,65,90,10.36,overcast clouds
567,Ambon,ID,-3.6954,128.1814,89.6,70,40,8.05,scattered clouds
568,Lusambo,CD,-4.9667,23.45,69.13,96,100,1.01,overcast clouds
569,Hun,LY,29.1268,15.9477,62.69,29,0,6.06,clear sky
570,Udachnyy,RU,66.4167,112.4,-6.66,84,95,7.14,overcast clouds
571,Jever,DE,53.5833,7.9,42.01,93,35,6.91,scattered clouds
572,Gao,ML,16.6362,1.637,72.09,8,1,11.72,clear sky
573,Aksu,CN,41.1231,80.2644,45.66,50,92,7.36,moderate rain
574,Aborlan,PH,9.4352,118.5492,89.6,66,20,11.5,few clouds
575,Alta Floresta,BR,-9.8756,-56.0861,70.65,96,100,2.28,overcast clouds
576,Northam,GB,51.0333,-4.2167,43.0,80,1,8.01,clear sky
577,Joshimath,IN,30.5667,79.5667,55.33,13,0,4.85,clear sky
578,San Mateo Del Mar,MX,16.2,-95.0,74.95,77,9,40.09,clear sky
579,Aswan,EG,24.0934,32.907,57.58,34,0,10.38,clear sky
580,Tianpeng,CN,30.9866,103.9393,66.2,48,40,7.38,scattered clouds
581,Partizanskoye,RU,55.5006,94.39,33.75,71,100,21.65,overcast clouds
582,Lander,US,42.833,-108.7307,55.4,21,1,13.8,clear sky
583,Iisalmi,FI,63.5592,27.1907,30.2,100,0,6.91,clear sky
584,Pittsburg,US,38.028,-121.8847,57.2,47,1,9.22,clear sky
585,Salinopolis,BR,-0.6136,-47.3561,78.17,84,38,8.1,scattered clouds
586,Pochutla,MX,15.7432,-96.4661,82.0,75,0,2.73,clear sky
587,Broome,US,42.2506,-75.833,26.01,46,1,6.91,clear sky
588,Teno,CL,-34.8667,-71.1833,57.0,76,0,2.98,clear sky
589,Mattru,SL,7.6244,-11.8332,76.75,91,58,2.01,broken clouds
590,Te Anau,NZ,-45.4167,167.7167,59.2,49,100,7.96,moderate rain
591,Haines Junction,CA,60.7522,-137.5108,28.4,40,99,3.44,overcast clouds
592,Kawalu,ID,-7.3817,108.2082,86.94,56,99,2.26,overcast clouds
593,Le Vauclin,MQ,14.5452,-60.8388,75.2,78,40,6.91,scattered clouds
594,Hokitika,NZ,-42.7167,170.9667,62.02,75,100,4.74,moderate rain
595,Solnechnyy,RU,50.7214,136.6319,36.48,47,38,16.98,scattered clouds
596,Kangaba,ML,11.9333,-8.4167,76.69,10,44,4.16,scattered clouds
597,Nioro,GM,13.35,-15.75,72.54,65,7,7.16,clear sky
598,Severo-Yeniseyskiy,RU,60.3725,93.0408,27.61,91,100,8.99,light snow
599,Pontianak,ID,-0.0333,109.3333,87.8,62,20,9.22,few clouds
600,Trincomalee,LK,8.5711,81.2335,87.06,56,57,14.76,broken clouds
601,Sibolga,ID,1.7427,98.7792,86.13,60,98,5.06,overcast clouds
602,Lazaro Cardenas,MX,17.9583,-102.2,75.99,75,1,2.93,clear sky
603,Kilakarai,IN,9.2333,78.7833,87.6,56,40,9.31,scattered clouds
604,Saint-Ambroise,CA,48.5501,-71.3324,21.99,73,52,6.91,broken clouds
605,Huarmey,PE,-10.0681,-78.1522,69.96,84,35,5.88,scattered clouds
606,Yining,CN,29.0361,114.5636,59.77,85,100,2.93,light rain
607,Kimbe,PG,-5.5502,150.1429,82.4,76,98,2.33,overcast clouds
608,Chulman,RU,56.8479,124.9104,13.75,68,99,9.44,overcast clouds
609,Charters Towers,AU,-20.1,146.2667,80.85,48,72,14.65,broken clouds
610,San Quintin,MX,30.4833,-115.95,59.63,81,7,9.44,clear sky
611,Ibicui,BR,-14.8417,-39.9867,68.85,97,96,1.32,overcast clouds
612,Mbini,GQ,1.574,9.6134,78.8,100,40,7.05,scattered clouds
613,Gannan,CN,47.9147,123.5031,45.64,14,0,17.72,clear sky
614,Balancan,MX,17.8,-91.5333,73.04,73,37,7.94,scattered clouds
615,Porto Santo,PT,33.072,-16.3415,60.8,67,75,5.75,broken clouds
616,Santa Teresa,VE,10.2341,-66.6631,69.01,84,66,4.0,broken clouds
617,Ust-Koksa,RU,50.2696,85.6108,29.82,57,19,1.86,few clouds
618,Umm Lajj,SA,25.0213,37.2685,67.98,32,0,17.58,clear sky
619,Wichita Falls,US,33.9137,-98.4934,57.2,41,1,11.5,clear sky
620,Honiara,SB,-9.4333,159.95,87.04,66,36,5.7,scattered clouds
621,Los Andes,CL,-32.8337,-70.5983,61.0,99,2,1.66,clear sky
622,Anloga,GH,5.7947,0.8973,82.4,83,40,3.44,scattered clouds
623,Victoria Point,AU,-27.5833,153.3,78.01,67,66,11.01,light rain
624,Bagdarin,RU,54.4333,113.6,34.2,47,100,13.87,overcast clouds
625,Stykkisholmur,IS,65.0757,-22.7297,41.13,94,100,14.94,overcast clouds
626,Nueva Gerona,CU,21.8833,-82.8,74.07,69,84,22.41,broken clouds
627,Kondinskoye,RU,59.6481,67.41,33.12,99,100,7.63,light snow
628,Talnakh,RU,69.4865,88.3972,-4.99,77,13,6.98,few clouds
629,Tongren,CN,27.7172,109.1853,50.88,90,100,4.76,overcast clouds
630,Whitehorse,CA,60.7161,-135.0538,28.4,46,1,10.36,clear sky
631,Lubango,AO,-14.9172,13.4925,59.61,90,100,5.06,overcast clouds
632,Porto Velho,BR,-8.7619,-63.9039,77.0,94,75,1.14,light rain
633,Nara,JP,34.6851,135.8049,71.01,56,75,6.91,broken clouds
634,Gorom-Gorom,BF,14.4439,-0.2361,75.16,9,0,9.28,clear sky
635,Pascagoula,US,30.3658,-88.5561,44.01,87,1,9.42,clear sky
636,Asau,RO,46.4333,26.4,39.99,64,100,0.43,light rain
637,Jackson,US,42.4165,-122.8345,68.0,21,1,6.91,clear sky
638,Kuala Terengganu,MY,5.3302,103.1408,86.0,79,20,1.14,few clouds
639,Port Loko,SL,8.7667,-12.7833,76.1,93,82,2.75,broken clouds
640,Susanville,US,40.4163,-120.653,60.8,17,1,4.61,clear sky
641,Sorland,NO,67.667,12.6934,40.12,84,100,22.41,overcast clouds
642,Lorica,CO,9.2365,-75.8135,80.64,80,100,7.23,overcast clouds
643,Puerto Colombia,CO,10.9878,-74.9547,78.8,83,20,13.8,few clouds
644,Sao Lourenco,BR,-22.1164,-45.0544,56.89,94,13,2.75,few clouds
645,Gambo,CF,4.6482,22.2633,68.34,97,100,2.24,overcast clouds
646,Axim,GH,4.8699,-2.2405,78.53,89,36,4.74,scattered clouds
647,Ketchikan,US,55.3422,-131.6461,32.0,100,90,8.05,snow
648,Yaan,NG,7.3833,8.5667,76.86,32,90,4.38,overcast clouds
649,Waingapu,ID,-9.6567,120.2641,81.03,82,100,5.17,overcast clouds
650,Smithers,CA,54.7804,-127.1743,39.2,65,75,3.44,broken clouds
651,Redcar,GB,54.6166,-1.06,42.01,77,28,11.99,scattered clouds
652,Kandrian,PG,-6.2167,149.55,85.17,69,94,3.13,light rain
653,Jerusalem,IL,31.769,35.2163,46.0,94,28,4.0,scattered clouds
654,Cutervo,PE,-6.379,-78.8157,50.94,95,75,2.89,light rain
655,Ridgetown,CA,42.4334,-81.8998,28.4,80,1,2.39,clear sky
656,Zubtsov,RU,56.1753,34.5894,31.66,90,100,3.69,overcast clouds
657,Ceres,US,37.5949,-120.9577,73.4,27,1,16.11,clear sky
658,Puerto El Triunfo,SV,13.2833,-88.55,86.0,42,0,19.57,clear sky
659,Amahai,ID,-3.3333,128.9167,88.2,60,87,3.31,overcast clouds
660,Mwinilunga,ZM,-11.7358,24.4293,57.4,97,10,3.91,clear sky
661,Cozumel,MX,20.5083,-86.9458,73.4,53,75,8.05,broken clouds
662,Anadyr,RU,64.75,177.4833,6.8,85,75,20.13,snow
663,Sakakah,SA,29.9697,40.2064,48.2,57,0,11.5,clear sky
664,Bogo,PH,11.0517,124.0055,86.02,60,7,7.09,clear sky
665,Saint-Augustin,CA,51.226,-58.6502,35.28,99,100,7.54,light rain
666,Lagos,NG,6.5833,3.75,78.03,89,17,2.51,few clouds
667,Pashiya,RU,58.4324,58.2562,32.74,88,98,10.04,overcast clouds
668,Avera,US,33.194,-82.5271,37.4,81,1,4.59,clear sky
669,Baiao,BR,-2.7906,-49.6717,72.1,98,89,1.23,overcast clouds
670,Taoudenni,ML,22.6783,-3.9836,81.45,10,33,8.46,scattered clouds
671,Margate,GB,51.3813,1.3862,43.0,66,51,8.01,broken clouds
672,Pafos,CY,34.7667,32.4167,59.0,77,75,12.66,broken clouds
673,Salvacion,PH,7.9833,126.1333,88.52,59,89,4.68,overcast clouds
674,Leuwiliang,ID,-6.5745,106.6344,84.0,92,97,3.0,moderate rain
675,Hwange,ZW,-18.3693,26.5019,61.03,65,25,1.83,scattered clouds
676,Tomatlan,MX,19.9333,-105.25,69.44,82,100,0.81,overcast clouds
677,Ejido,VE,8.5514,-71.2375,67.44,86,100,5.7,overcast clouds
678,Gueugnon,FR,46.6036,4.0629,39.2,81,0,10.36,clear sky
679,Pontes E Lacerda,BR,-15.2261,-59.3353,72.01,94,100,2.71,overcast clouds
680,Siquirres,CR,10.0975,-83.5066,66.0,61,98,10.0,overcast clouds
681,Innisfail,AU,-17.5333,146.0333,75.31,88,99,7.7,overcast clouds
682,College,US,64.8569,-147.8028,16.0,57,90,4.61,light snow
683,Devgarh,IN,25.5333,73.9,85.08,6,0,7.27,clear sky
684,Manuk Mangkaw,PH,4.8,119.85,82.72,75,100,8.81,overcast clouds
685,Manisa,TR,38.8333,28.1667,42.12,76,35,4.25,scattered clouds
686,Truckee,US,39.328,-120.1833,46.4,46,1,5.75,clear sky
687,Waipawa,NZ,-41.4122,175.5153,62.6,48,60,17.27,broken clouds
688,Skoczow,PL,49.8009,18.7877,34.0,78,90,5.01,overcast clouds
689,Hit,IQ,33.6416,42.8251,55.49,52,0,13.91,clear sky
690,Adre,TD,13.4667,22.2,71.42,16,13,19.28,few clouds
691,Gimbi,ET,9.1667,35.8333,62.44,50,63,3.06,broken clouds
692,Gudari,IN,19.35,83.7833,93.52,43,10,4.99,clear sky
693,Kolokani,ML,13.5728,-8.0339,75.52,10,6,8.88,clear sky
694,Novouzensk,RU,50.4592,48.1431,40.57,89,100,4.92,overcast clouds
695,Buala,SB,-8.145,159.5921,86.68,64,41,6.53,scattered clouds
696,Maarianhamina,AX,60.0973,19.9348,37.4,70,0,13.8,clear sky
697,Ust-Nera,RU,64.5667,143.2,15.48,81,99,4.79,overcast clouds
698,Lerwick,GB,60.1545,-1.1494,44.6,76,90,9.22,overcast clouds
699,Santa Cruz Del Sur,CU,20.7147,-77.9956,74.57,76,76,16.98,broken clouds
700,Nantucket,US,41.2835,-70.0995,34.0,46,3,8.28,clear sky
701,Huilong,CN,31.8111,121.655,66.0,76,100,14.58,overcast clouds
702,Bilibino,RU,68.0546,166.4372,0.88,78,100,8.34,overcast clouds
703,Lingao,CN,19.9103,109.6859,87.48,56,27,2.1,scattered clouds
704,Dombarovskiy,RU,50.7587,59.5386,33.31,92,100,16.84,light snow
705,Vallenar,CL,-28.5708,-70.7581,67.93,54,100,2.46,overcast clouds
706,Abuyog,PH,10.6667,125.05,85.42,63,38,8.19,scattered clouds
707,Bontang,ID,0.1333,117.5,85.44,68,100,5.08,overcast clouds
708,Calvinia,ZA,-31.4707,19.776,59.0,55,71,6.91,broken clouds
709,Elko,US,41.0002,-115.5012,57.0,13,7,5.99,clear sky
710,Mbanza-Ngungu,CD,-5.25,14.8667,66.99,97,100,2.28,light rain
711,Mossendjo,CG,-2.9506,12.7261,69.44,99,100,5.97,moderate rain
712,Zhezkazgan,KZ,47.8043,67.7144,37.22,65,75,15.75,broken clouds
713,Weligama,LK,5.9667,80.4167,85.69,68,81,11.81,broken clouds
714,Kyaikto,MM,17.3,97.0167,84.22,63,100,3.8,overcast clouds
715,Molchanovo,RU,57.5817,83.7692,33.71,97,100,11.43,overcast clouds
